Station,Time,Arrivals
Anheqiao Bei,07:00,97
Anheqiao Bei,07:01,115
Anheqiao Bei,07:02,72
Anheqiao Bei,07:03,84
Anheqiao Bei,07:04,41
Anheqiao Bei,07:05,58
Anheqiao Bei,07:06,75
Anheqiao Bei,07:07,102
Anheqiao Bei,07:08,46
Anheqiao Bei,07:09,46
Anheqiao Bei,07:10,98
Anheqiao Bei,07:11,64
Anheqiao Bei,07:12,77
Anheqiao Bei,07:13,37
Anheqiao Bei,07:14,105
Anheqiao Bei,07:15,105
Anheqiao Bei,07:16,34
Anheqiao Bei,07:17,26
Anheqiao Bei,07:18,79
Anheqiao Bei,07:19,66
Anheqiao Bei,07:20,46
Anheqiao Bei,07:21,59
Anheqiao Bei,07:22,19
Anheqiao Bei,07:23,40
Anheqiao Bei,07:24,105
Anheqiao Bei,07:25,110
Anheqiao Bei,07:26,58
Anheqiao Bei,07:27,84
Anheqiao Bei,07:28,49
Anheqiao Bei,07:29,23
Anheqiao Bei,07:30,30
Anheqiao Bei,07:31,94
Anheqiao Bei,07:32,47
Anheqiao Bei,07:33,120
Anheqiao Bei,07:34,71
Anheqiao Bei,07:35,82
Anheqiao Bei,07:36,95
Anheqiao Bei,07:37,84
Anheqiao Bei,07:38,74
Anheqiao Bei,07:39,44
Anheqiao Bei,07:40,60
Anheqiao Bei,07:41,112
Anheqiao Bei,07:42,29
Anheqiao Bei,07:43,57
Anheqiao Bei,07:44,105
Anheqiao Bei,07:45,48
Anheqiao Bei,07:46,113
Anheqiao Bei,07:47,125
Anheqiao Bei,07:48,77
Anheqiao Bei,07:49,60
Anheqiao Bei,07:50,70
Anheqiao Bei,07:51,20
Anheqiao Bei,07:52,61
Anheqiao Bei,07:53,45
Anheqiao Bei,07:54,35
Anheqiao Bei,07:55,72
Anheqiao Bei,07:56,128
Anheqiao Bei,07:57,104
Anheqiao Bei,07:58,137
Anheqiao Bei,07:59,109
Anheqiao Bei,08:00,118
Anheqiao Bei,08:01,98
Anheqiao Bei,08:02,33
Anheqiao Bei,08:03,79
Anheqiao Bei,08:04,126
Anheqiao Bei,08:05,124
Anheqiao Bei,08:06,26
Anheqiao Bei,08:07,56
Anheqiao Bei,08:08,111
Anheqiao Bei,08:09,53
Anheqiao Bei,08:10,17
Anheqiao Bei,08:11,120
Anheqiao Bei,08:12,126
Anheqiao Bei,08:13,120
Anheqiao Bei,08:14,119
Anheqiao Bei,08:15,59
Anheqiao Bei,08:16,140
Anheqiao Bei,08:17,38
Anheqiao Bei,08:18,68
Anheqiao Bei,08:19,128
Anheqiao Bei,08:20,84
Anheqiao Bei,08:21,90
Anheqiao Bei,08:22,141
Anheqiao Bei,08:23,28
Anheqiao Bei,08:24,33
Anheqiao Bei,08:25,117
Anheqiao Bei,08:26,95
Anheqiao Bei,08:27,78
Anheqiao Bei,08:28,68
Anheqiao Bei,08:29,76
Anheqiao Bei,08:30,27
Anheqiao Bei,08:31,54
Anheqiao Bei,08:32,48
Anheqiao Bei,08:33,114
Anheqiao Bei,08:34,119
Anheqiao Bei,08:35,108
Anheqiao Bei,08:36,67
Anheqiao Bei,08:37,74
Anheqiao Bei,08:38,84
Anheqiao Bei,08:39,69
Anheqiao Bei,08:40,61
Anheqiao Bei,08:41,30
Anheqiao Bei,08:42,39
Anheqiao Bei,08:43,95
Anheqiao Bei,08:44,62
Anheqiao Bei,08:45,66
Anheqiao Bei,08:46,65
Anheqiao Bei,08:47,107
Anheqiao Bei,08:48,89
Anheqiao Bei,08:49,62
Anheqiao Bei,08:50,72
Anheqiao Bei,08:51,112
Anheqiao Bei,08:52,88
Anheqiao Bei,08:53,62
Anheqiao Bei,08:54,24
Anheqiao Bei,08:55,45
Anheqiao Bei,08:56,87
Anheqiao Bei,08:57,38
Anheqiao Bei,08:58,132
Anheqiao Bei,08:59,72
Beigongmen,07:00,30
Beigongmen,07:01,31
Beigongmen,07:02,36
Beigongmen,07:03,15
Beigongmen,07:04,28
Beigongmen,07:05,30
Beigongmen,07:06,57
Beigongmen,07:07,61
Beigongmen,07:08,51
Beigongmen,07:09,19
Beigongmen,07:10,45
Beigongmen,07:11,14
Beigongmen,07:12,63
Beigongmen,07:13,13
Beigongmen,07:14,35
Beigongmen,07:15,47
Beigongmen,07:16,69
Beigongmen,07:17,36
Beigongmen,07:18,36
Beigongmen,07:19,31
Beigongmen,07:20,17
Beigongmen,07:21,21
Beigongmen,07:22,53
Beigongmen,07:23,33
Beigongmen,07:24,31
Beigongmen,07:25,21
Beigongmen,07:26,14
Beigongmen,07:27,42
Beigongmen,07:28,32
Beigongmen,07:29,11
Beigongmen,07:30,87
Beigongmen,07:31,33
Beigongmen,07:32,30
Beigongmen,07:33,9
Beigongmen,07:34,19
Beigongmen,07:35,35
Beigongmen,07:36,68
Beigongmen,07:37,54
Beigongmen,07:38,82
Beigongmen,07:39,56
Beigongmen,07:40,66
Beigongmen,07:41,27
Beigongmen,07:42,65
Beigongmen,07:43,57
Beigongmen,07:44,43
Beigongmen,07:45,54
Beigongmen,07:46,37
Beigongmen,07:47,32
Beigongmen,07:48,83
Beigongmen,07:49,67
Beigongmen,07:50,83
Beigongmen,07:51,51
Beigongmen,07:52,52
Beigongmen,07:53,65
Beigongmen,07:54,7
Beigongmen,07:55,13
Beigongmen,07:56,76
Beigongmen,07:57,81
Beigongmen,07:58,38
Beigongmen,07:59,69
Beigongmen,08:00,39
Beigongmen,08:01,64
Beigongmen,08:02,79
Beigongmen,08:03,96
Beigongmen,08:04,84
Beigongmen,08:05,13
Beigongmen,08:06,33
Beigongmen,08:07,69
Beigongmen,08:08,52
Beigongmen,08:09,33
Beigongmen,08:10,73
Beigongmen,08:11,75
Beigongmen,08:12,75
Beigongmen,08:13,62
Beigongmen,08:14,70
Beigongmen,08:15,73
Beigongmen,08:16,105
Beigongmen,08:17,73
Beigongmen,08:18,87
Beigongmen,08:19,73
Beigongmen,08:20,49
Beigongmen,08:21,57
Beigongmen,08:22,81
Beigongmen,08:23,13
Beigongmen,08:24,95
Beigongmen,08:25,50
Beigongmen,08:26,71
Beigongmen,08:27,53
Beigongmen,08:28,13
Beigongmen,08:29,27
Beigongmen,08:30,31
Beigongmen,08:31,34
Beigongmen,08:32,76
Beigongmen,08:33,12
Beigongmen,08:34,61
Beigongmen,08:35,44
Beigongmen,08:36,21
Beigongmen,08:37,31
Beigongmen,08:38,22
Beigongmen,08:39,21
Beigongmen,08:40,79
Beigongmen,08:41,76
Beigongmen,08:42,72
Beigongmen,08:43,54
Beigongmen,08:44,11
Beigongmen,08:45,47
Beigongmen,08:46,32
Beigongmen,08:47,69
Beigongmen,08:48,57
Beigongmen,08:49,83
Beigongmen,08:50,16
Beigongmen,08:51,67
Beigongmen,08:52,79
Beigongmen,08:53,67
Beigongmen,08:54,64
Beigongmen,08:55,44
Beigongmen,08:56,58
Beigongmen,08:57,37
Beigongmen,08:58,41
Beigongmen,08:59,49
Xi Yuan,07:00,6
Xi Yuan,07:01,8
Xi Yuan,07:02,4
Xi Yuan,07:03,9
Xi Yuan,07:04,11
Xi Yuan,07:05,12
Xi Yuan,07:06,10
Xi Yuan,07:07,6
Xi Yuan,07:08,2
Xi Yuan,07:09,9
Xi Yuan,07:10,8
Xi Yuan,07:11,7
Xi Yuan,07:12,5
Xi Yuan,07:13,15
Xi Yuan,07:14,9
Xi Yuan,07:15,9
Xi Yuan,07:16,4
Xi Yuan,07:17,10
Xi Yuan,07:18,15
Xi Yuan,07:19,14
Xi Yuan,07:20,8
Xi Yuan,07:21,5
Xi Yuan,07:22,11
Xi Yuan,07:23,6
Xi Yuan,07:24,14
Xi Yuan,07:25,13
Xi Yuan,07:26,7
Xi Yuan,07:27,14
Xi Yuan,07:28,2
Xi Yuan,07:29,6
Xi Yuan,07:30,2
Xi Yuan,07:31,8
Xi Yuan,07:32,12
Xi Yuan,07:33,11
Xi Yuan,07:34,15
Xi Yuan,07:35,7
Xi Yuan,07:36,18
Xi Yuan,07:37,12
Xi Yuan,07:38,17
Xi Yuan,07:39,19
Xi Yuan,07:40,14
Xi Yuan,07:41,18
Xi Yuan,07:42,16
Xi Yuan,07:43,14
Xi Yuan,07:44,9
Xi Yuan,07:45,8
Xi Yuan,07:46,10
Xi Yuan,07:47,9
Xi Yuan,07:48,10
Xi Yuan,07:49,7
Xi Yuan,07:50,16
Xi Yuan,07:51,2
Xi Yuan,07:52,11
Xi Yuan,07:53,9
Xi Yuan,07:54,4
Xi Yuan,07:55,10
Xi Yuan,07:56,11
Xi Yuan,07:57,12
Xi Yuan,07:58,12
Xi Yuan,07:59,2
Xi Yuan,08:00,15
Xi Yuan,08:01,6
Xi Yuan,08:02,3
Xi Yuan,08:03,10
Xi Yuan,08:04,11
Xi Yuan,08:05,17
Xi Yuan,08:06,9
Xi Yuan,08:07,17
Xi Yuan,08:08,18
Xi Yuan,08:09,17
Xi Yuan,08:10,18
Xi Yuan,08:11,3
Xi Yuan,08:12,8
Xi Yuan,08:13,13
Xi Yuan,08:14,5
Xi Yuan,08:15,21
Xi Yuan,08:16,18
Xi Yuan,08:17,18
Xi Yuan,08:18,14
Xi Yuan,08:19,22
Xi Yuan,08:20,4
Xi Yuan,08:21,2
Xi Yuan,08:22,4
Xi Yuan,08:23,22
Xi Yuan,08:24,17
Xi Yuan,08:25,15
Xi Yuan,08:26,21
Xi Yuan,08:27,20
Xi Yuan,08:28,2
Xi Yuan,08:29,15
Xi Yuan,08:30,9
Xi Yuan,08:31,7
Xi Yuan,08:32,14
Xi Yuan,08:33,10
Xi Yuan,08:34,11
Xi Yuan,08:35,8
Xi Yuan,08:36,1
Xi Yuan,08:37,16
Xi Yuan,08:38,14
Xi Yuan,08:39,7
Xi Yuan,08:40,12
Xi Yuan,08:41,12
Xi Yuan,08:42,4
Xi Yuan,08:43,8
Xi Yuan,08:44,5
Xi Yuan,08:45,15
Xi Yuan,08:46,13
Xi Yuan,08:47,2
Xi Yuan,08:48,17
Xi Yuan,08:49,12
Xi Yuan,08:50,15
Xi Yuan,08:51,8
Xi Yuan,08:52,14
Xi Yuan,08:53,2
Xi Yuan,08:54,13
Xi Yuan,08:55,14
Xi Yuan,08:56,7
Xi Yuan,08:57,3
Xi Yuan,08:58,9
Xi Yuan,08:59,14
Yuanmingyuan Park,07:00,3
Yuanmingyuan Park,07:01,7
Yuanmingyuan Park,07:02,7
Yuanmingyuan Park,07:03,3
Yuanmingyuan Park,07:04,4
Yuanmingyuan Park,07:05,4
Yuanmingyuan Park,07:06,3
Yuanmingyuan Park,07:07,7
Yuanmingyuan Park,07:08,4
Yuanmingyuan Park,07:09,2
Yuanmingyuan Park,07:10,7
Yuanmingyuan Park,07:11,8
Yuanmingyuan Park,07:12,6
Yuanmingyuan Park,07:13,3
Yuanmingyuan Park,07:14,3
Yuanmingyuan Park,07:15,2
Yuanmingyuan Park,07:16,3
Yuanmingyuan Park,07:17,3
Yuanmingyuan Park,07:18,6
Yuanmingyuan Park,07:19,3
Yuanmingyuan Park,07:20,2
Yuanmingyuan Park,07:21,1
Yuanmingyuan Park,07:22,5
Yuanmingyuan Park,07:23,5
Yuanmingyuan Park,07:24,7
Yuanmingyuan Park,07:25,5
Yuanmingyuan Park,07:26,2
Yuanmingyuan Park,07:27,4
Yuanmingyuan Park,07:28,6
Yuanmingyuan Park,07:29,7
Yuanmingyuan Park,07:30,13
Yuanmingyuan Park,07:31,12
Yuanmingyuan Park,07:32,2
Yuanmingyuan Park,07:33,12
Yuanmingyuan Park,07:34,3
Yuanmingyuan Park,07:35,9
Yuanmingyuan Park,07:36,8
Yuanmingyuan Park,07:37,6
Yuanmingyuan Park,07:38,12
Yuanmingyuan Park,07:39,9
Yuanmingyuan Park,07:40,9
Yuanmingyuan Park,07:41,3
Yuanmingyuan Park,07:42,5
Yuanmingyuan Park,07:43,2
Yuanmingyuan Park,07:44,2
Yuanmingyuan Park,07:45,8
Yuanmingyuan Park,07:46,7
Yuanmingyuan Park,07:47,3
Yuanmingyuan Park,07:48,11
Yuanmingyuan Park,07:49,11
Yuanmingyuan Park,07:50,4
Yuanmingyuan Park,07:51,2
Yuanmingyuan Park,07:52,12
Yuanmingyuan Park,07:53,7
Yuanmingyuan Park,07:54,13
Yuanmingyuan Park,07:55,9
Yuanmingyuan Park,07:56,8
Yuanmingyuan Park,07:57,3
Yuanmingyuan Park,07:58,12
Yuanmingyuan Park,07:59,11
Yuanmingyuan Park,08:00,7
Yuanmingyuan Park,08:01,3
Yuanmingyuan Park,08:02,9
Yuanmingyuan Park,08:03,5
Yuanmingyuan Park,08:04,11
Yuanmingyuan Park,08:05,4
Yuanmingyuan Park,08:06,15
Yuanmingyuan Park,08:07,11
Yuanmingyuan Park,08:08,7
Yuanmingyuan Park,08:09,9
Yuanmingyuan Park,08:10,6
Yuanmingyuan Park,08:11,7
Yuanmingyuan Park,08:12,3
Yuanmingyuan Park,08:13,16
Yuanmingyuan Park,08:14,4
Yuanmingyuan Park,08:15,2
Yuanmingyuan Park,08:16,14
Yuanmingyuan Park,08:17,2
Yuanmingyuan Park,08:18,6
Yuanmingyuan Park,08:19,14
Yuanmingyuan Park,08:20,11
Yuanmingyuan Park,08:21,7
Yuanmingyuan Park,08:22,12
Yuanmingyuan Park,08:23,15
Yuanmingyuan Park,08:24,9
Yuanmingyuan Park,08:25,7
Yuanmingyuan Park,08:26,9
Yuanmingyuan Park,08:27,11
Yuanmingyuan Park,08:28,11
Yuanmingyuan Park,08:29,10
Yuanmingyuan Park,08:30,6
Yuanmingyuan Park,08:31,4
Yuanmingyuan Park,08:32,4
Yuanmingyuan Park,08:33,5
Yuanmingyuan Park,08:34,8
Yuanmingyuan Park,08:35,4
Yuanmingyuan Park,08:36,6
Yuanmingyuan Park,08:37,3
Yuanmingyuan Park,08:38,6
Yuanmingyuan Park,08:39,7
Yuanmingyuan Park,08:40,6
Yuanmingyuan Park,08:41,5
Yuanmingyuan Park,08:42,5
Yuanmingyuan Park,08:43,5
Yuanmingyuan Park,08:44,10
Yuanmingyuan Park,08:45,3
Yuanmingyuan Park,08:46,10
Yuanmingyuan Park,08:47,9
Yuanmingyuan Park,08:48,2
Yuanmingyuan Park,08:49,4
Yuanmingyuan Park,08:50,6
Yuanmingyuan Park,08:51,6
Yuanmingyuan Park,08:52,10
Yuanmingyuan Park,08:53,9
Yuanmingyuan Park,08:54,5
Yuanmingyuan Park,08:55,2
Yuanmingyuan Park,08:56,10
Yuanmingyuan Park,08:57,2
Yuanmingyuan Park,08:58,5
Yuanmingyuan Park,08:59,8
Peking Univ. East Gate,07:00,44
Peking Univ. East Gate,07:01,19
Peking Univ. East Gate,07:02,74
Peking Univ. East Gate,07:03,41
Peking Univ. East Gate,07:04,67
Peking Univ. East Gate,07:05,28
Peking Univ. East Gate,07:06,46
Peking Univ. East Gate,07:07,57
Peking Univ. East Gate,07:08,44
Peking Univ. East Gate,07:09,136
Peking Univ. East Gate,07:10,105
Peking Univ. East Gate,07:11,85
Peking Univ. East Gate,07:12,49
Peking Univ. East Gate,07:13,94
Peking Univ. East Gate,07:14,34
Peking Univ. East Gate,07:15,140
Peking Univ. East Gate,07:16,96
Peking Univ. East Gate,07:17,89
Peking Univ. East Gate,07:18,90
Peking Univ. East Gate,07:19,55
Peking Univ. East Gate,07:20,141
Peking Univ. East Gate,07:21,116
Peking Univ. East Gate,07:22,57
Peking Univ. East Gate,07:23,76
Peking Univ. East Gate,07:24,119
Peking Univ. East Gate,07:25,28
Peking Univ. East Gate,07:26,75
Peking Univ. East Gate,07:27,117
Peking Univ. East Gate,07:28,130
Peking Univ. East Gate,07:29,122
Peking Univ. East Gate,07:30,169
Peking Univ. East Gate,07:31,7
Peking Univ. East Gate,07:32,113
Peking Univ. East Gate,07:33,145
Peking Univ. East Gate,07:34,171
Peking Univ. East Gate,07:35,164
Peking Univ. East Gate,07:36,55
Peking Univ. East Gate,07:37,111
Peking Univ. East Gate,07:38,134
Peking Univ. East Gate,07:39,115
Peking Univ. East Gate,07:40,131
Peking Univ. East Gate,07:41,132
Peking Univ. East Gate,07:42,35
Peking Univ. East Gate,07:43,119
Peking Univ. East Gate,07:44,179
Peking Univ. East Gate,07:45,111
Peking Univ. East Gate,07:46,159
Peking Univ. East Gate,07:47,93
Peking Univ. East Gate,07:48,68
Peking Univ. East Gate,07:49,92
Peking Univ. East Gate,07:50,99
Peking Univ. East Gate,07:51,185
Peking Univ. East Gate,07:52,27
Peking Univ. East Gate,07:53,66
Peking Univ. East Gate,07:54,32
Peking Univ. East Gate,07:55,164
Peking Univ. East Gate,07:56,133
Peking Univ. East Gate,07:57,129
Peking Univ. East Gate,07:58,131
Peking Univ. East Gate,07:59,153
Peking Univ. East Gate,08:00,199
Peking Univ. East Gate,08:01,81
Peking Univ. East Gate,08:02,237
Peking Univ. East Gate,08:03,113
Peking Univ. East Gate,08:04,185
Peking Univ. East Gate,08:05,159
Peking Univ. East Gate,08:06,50
Peking Univ. East Gate,08:07,114
Peking Univ. East Gate,08:08,221
Peking Univ. East Gate,08:09,211
Peking Univ. East Gate,08:10,79
Peking Univ. East Gate,08:11,110
Peking Univ. East Gate,08:12,74
Peking Univ. East Gate,08:13,222
Peking Univ. East Gate,08:14,42
Peking Univ. East Gate,08:15,217
Peking Univ. East Gate,08:16,167
Peking Univ. East Gate,08:17,32
Peking Univ. East Gate,08:18,43
Peking Univ. East Gate,08:19,187
Peking Univ. East Gate,08:20,70
Peking Univ. East Gate,08:21,151
Peking Univ. East Gate,08:22,148
Peking Univ. East Gate,08:23,151
Peking Univ. East Gate,08:24,146
Peking Univ. East Gate,08:25,238
Peking Univ. East Gate,08:26,90
Peking Univ. East Gate,08:27,34
Peking Univ. East Gate,08:28,105
Peking Univ. East Gate,08:29,49
Peking Univ. East Gate,08:30,27
Peking Univ. East Gate,08:31,60
Peking Univ. East Gate,08:32,119
Peking Univ. East Gate,08:33,25
Peking Univ. East Gate,08:34,140
Peking Univ. East Gate,08:35,148
Peking Univ. East Gate,08:36,147
Peking Univ. East Gate,08:37,70
Peking Univ. East Gate,08:38,88
Peking Univ. East Gate,08:39,41
Peking Univ. East Gate,08:40,60
Peking Univ. East Gate,08:41,129
Peking Univ. East Gate,08:42,86
Peking Univ. East Gate,08:43,102
Peking Univ. East Gate,08:44,125
Peking Univ. East Gate,08:45,78
Peking Univ. East Gate,08:46,31
Peking Univ. East Gate,08:47,144
Peking Univ. East Gate,08:48,45
Peking Univ. East Gate,08:49,65
Peking Univ. East Gate,08:50,64
Peking Univ. East Gate,08:51,113
Peking Univ. East Gate,08:52,108
Peking Univ. East Gate,08:53,106
Peking Univ. East Gate,08:54,153
Peking Univ. East Gate,08:55,117
Peking Univ. East Gate,08:56,80
Peking Univ. East Gate,08:57,119
Peking Univ. East Gate,08:58,76
Peking Univ. East Gate,08:59,46
Zhongguancun,07:00,67
Zhongguancun,07:01,50
Zhongguancun,07:02,139
Zhongguancun,07:03,19
Zhongguancun,07:04,94
Zhongguancun,07:05,70
Zhongguancun,07:06,47
Zhongguancun,07:07,86
Zhongguancun,07:08,32
Zhongguancun,07:09,87
Zhongguancun,07:10,35
Zhongguancun,07:11,52
Zhongguancun,07:12,46
Zhongguancun,07:13,37
Zhongguancun,07:14,115
Zhongguancun,07:15,31
Zhongguancun,07:16,123
Zhongguancun,07:17,120
Zhongguancun,07:18,126
Zhongguancun,07:19,141
Zhongguancun,07:20,51
Zhongguancun,07:21,119
Zhongguancun,07:22,62
Zhongguancun,07:23,112
Zhongguancun,07:24,92
Zhongguancun,07:25,88
Zhongguancun,07:26,18
Zhongguancun,07:27,106
Zhongguancun,07:28,106
Zhongguancun,07:29,120
Zhongguancun,07:30,208
Zhongguancun,07:31,171
Zhongguancun,07:32,125
Zhongguancun,07:33,49
Zhongguancun,07:34,170
Zhongguancun,07:35,31
Zhongguancun,07:36,94
Zhongguancun,07:37,195
Zhongguancun,07:38,136
Zhongguancun,07:39,85
Zhongguancun,07:40,52
Zhongguancun,07:41,147
Zhongguancun,07:42,114
Zhongguancun,07:43,56
Zhongguancun,07:44,181
Zhongguancun,07:45,192
Zhongguancun,07:46,210
Zhongguancun,07:47,106
Zhongguancun,07:48,53
Zhongguancun,07:49,158
Zhongguancun,07:50,35
Zhongguancun,07:51,85
Zhongguancun,07:52,133
Zhongguancun,07:53,218
Zhongguancun,07:54,39
Zhongguancun,07:55,138
Zhongguancun,07:56,158
Zhongguancun,07:57,154
Zhongguancun,07:58,163
Zhongguancun,07:59,56
Zhongguancun,08:00,86
Zhongguancun,08:01,81
Zhongguancun,08:02,103
Zhongguancun,08:03,50
Zhongguancun,08:04,197
Zhongguancun,08:05,51
Zhongguancun,08:06,181
Zhongguancun,08:07,108
Zhongguancun,08:08,187
Zhongguancun,08:09,105
Zhongguancun,08:10,200
Zhongguancun,08:11,83
Zhongguancun,08:12,205
Zhongguancun,08:13,202
Zhongguancun,08:14,90
Zhongguancun,08:15,46
Zhongguancun,08:16,99
Zhongguancun,08:17,181
Zhongguancun,08:18,134
Zhongguancun,08:19,257
Zhongguancun,08:20,55
Zhongguancun,08:21,52
Zhongguancun,08:22,95
Zhongguancun,08:23,126
Zhongguancun,08:24,138
Zhongguancun,08:25,243
Zhongguancun,08:26,60
Zhongguancun,08:27,139
Zhongguancun,08:28,173
Zhongguancun,08:29,204
Zhongguancun,08:30,91
Zhongguancun,08:31,48
Zhongguancun,08:32,125
Zhongguancun,08:33,117
Zhongguancun,08:34,43
Zhongguancun,08:35,148
Zhongguancun,08:36,73
Zhongguancun,08:37,152
Zhongguancun,08:38,79
Zhongguancun,08:39,90
Zhongguancun,08:40,85
Zhongguancun,08:41,129
Zhongguancun,08:42,126
Zhongguancun,08:43,170
Zhongguancun,08:44,129
Zhongguancun,08:45,83
Zhongguancun,08:46,153
Zhongguancun,08:47,137
Zhongguancun,08:48,49
Zhongguancun,08:49,104
Zhongguancun,08:50,50
Zhongguancun,08:51,47
Zhongguancun,08:52,126
Zhongguancun,08:53,73
Zhongguancun,08:54,93
Zhongguancun,08:55,155
Zhongguancun,08:56,122
Zhongguancun,08:57,91
Zhongguancun,08:58,104
Zhongguancun,08:59,69
Haidian Huangzhuang,07:00,41
Haidian Huangzhuang,07:01,67
Haidian Huangzhuang,07:02,72
Haidian Huangzhuang,07:03,131
Haidian Huangzhuang,07:04,50
Haidian Huangzhuang,07:05,144
Haidian Huangzhuang,07:06,74
Haidian Huangzhuang,07:07,76
Haidian Huangzhuang,07:08,125
Haidian Huangzhuang,07:09,122
Haidian Huangzhuang,07:10,124
Haidian Huangzhuang,07:11,121
Haidian Huangzhuang,07:12,48
Haidian Huangzhuang,07:13,66
Haidian Huangzhuang,07:14,49
Haidian Huangzhuang,07:15,166
Haidian Huangzhuang,07:16,140
Haidian Huangzhuang,07:17,56
Haidian Huangzhuang,07:18,163
Haidian Huangzhuang,07:19,83
Haidian Huangzhuang,07:20,56
Haidian Huangzhuang,07:21,116
Haidian Huangzhuang,07:22,118
Haidian Huangzhuang,07:23,142
Haidian Huangzhuang,07:24,88
Haidian Huangzhuang,07:25,59
Haidian Huangzhuang,07:26,92
Haidian Huangzhuang,07:27,137
Haidian Huangzhuang,07:28,76
Haidian Huangzhuang,07:29,92
Haidian Huangzhuang,07:30,221
Haidian Huangzhuang,07:31,30
Haidian Huangzhuang,07:32,89
Haidian Huangzhuang,07:33,117
Haidian Huangzhuang,07:34,190
Haidian Huangzhuang,07:35,18
Haidian Huangzhuang,07:36,211
Haidian Huangzhuang,07:37,36
Haidian Huangzhuang,07:38,233
Haidian Huangzhuang,07:39,217
Haidian Huangzhuang,07:40,164
Haidian Huangzhuang,07:41,167
Haidian Huangzhuang,07:42,139
Haidian Huangzhuang,07:43,124
Haidian Huangzhuang,07:44,203
Haidian Huangzhuang,07:45,98
Haidian Huangzhuang,07:46,208
Haidian Huangzhuang,07:47,182
Haidian Huangzhuang,07:48,144
Haidian Huangzhuang,07:49,92
Haidian Huangzhuang,07:50,242
Haidian Huangzhuang,07:51,103
Haidian Huangzhuang,07:52,128
Haidian Huangzhuang,07:53,59
Haidian Huangzhuang,07:54,215
Haidian Huangzhuang,07:55,113
Haidian Huangzhuang,07:56,226
Haidian Huangzhuang,07:57,193
Haidian Huangzhuang,07:58,134
Haidian Huangzhuang,07:59,143
Haidian Huangzhuang,08:00,158
Haidian Huangzhuang,08:01,148
Haidian Huangzhuang,08:02,183
Haidian Huangzhuang,08:03,132
Haidian Huangzhuang,08:04,265
Haidian Huangzhuang,08:05,213
Haidian Huangzhuang,08:06,245
Haidian Huangzhuang,08:07,120
Haidian Huangzhuang,08:08,180
Haidian Huangzhuang,08:09,70
Haidian Huangzhuang,08:10,105
Haidian Huangzhuang,08:11,139
Haidian Huangzhuang,08:12,146
Haidian Huangzhuang,08:13,124
Haidian Huangzhuang,08:14,83
Haidian Huangzhuang,08:15,64
Haidian Huangzhuang,08:16,210
Haidian Huangzhuang,08:17,48
Haidian Huangzhuang,08:18,210
Haidian Huangzhuang,08:19,220
Haidian Huangzhuang,08:20,74
Haidian Huangzhuang,08:21,87
Haidian Huangzhuang,08:22,231
Haidian Huangzhuang,08:23,190
Haidian Huangzhuang,08:24,212
Haidian Huangzhuang,08:25,90
Haidian Huangzhuang,08:26,155
Haidian Huangzhuang,08:27,57
Haidian Huangzhuang,08:28,81
Haidian Huangzhuang,08:29,85
Haidian Huangzhuang,08:30,166
Haidian Huangzhuang,08:31,70
Haidian Huangzhuang,08:32,243
Haidian Huangzhuang,08:33,96
Haidian Huangzhuang,08:34,111
Haidian Huangzhuang,08:35,207
Haidian Huangzhuang,08:36,127
Haidian Huangzhuang,08:37,97
Haidian Huangzhuang,08:38,171
Haidian Huangzhuang,08:39,192
Haidian Huangzhuang,08:40,201
Haidian Huangzhuang,08:41,52
Haidian Huangzhuang,08:42,207
Haidian Huangzhuang,08:43,238
Haidian Huangzhuang,08:44,184
Haidian Huangzhuang,08:45,66
Haidian Huangzhuang,08:46,138
Haidian Huangzhuang,08:47,195
Haidian Huangzhuang,08:48,42
Haidian Huangzhuang,08:49,51
Haidian Huangzhuang,08:50,35
Haidian Huangzhuang,08:51,158
Haidian Huangzhuang,08:52,66
Haidian Huangzhuang,08:53,233
Haidian Huangzhuang,08:54,160
Haidian Huangzhuang,08:55,125
Haidian Huangzhuang,08:56,137
Haidian Huangzhuang,08:57,83
Haidian Huangzhuang,08:58,137
Haidian Huangzhuang,08:59,132
Renmin Univ.,07:00,76
Renmin Univ.,07:01,31
Renmin Univ.,07:02,45
Renmin Univ.,07:03,67
Renmin Univ.,07:04,42
Renmin Univ.,07:05,129
Renmin Univ.,07:06,48
Renmin Univ.,07:07,139
Renmin Univ.,07:08,82
Renmin Univ.,07:09,132
Renmin Univ.,07:10,34
Renmin Univ.,07:11,121
Renmin Univ.,07:12,112
Renmin Univ.,07:13,92
Renmin Univ.,07:14,86
Renmin Univ.,07:15,43
Renmin Univ.,07:16,88
Renmin Univ.,07:17,128
Renmin Univ.,07:18,27
Renmin Univ.,07:19,110
Renmin Univ.,07:20,48
Renmin Univ.,07:21,150
Renmin Univ.,07:22,113
Renmin Univ.,07:23,123
Renmin Univ.,07:24,44
Renmin Univ.,07:25,128
Renmin Univ.,07:26,144
Renmin Univ.,07:27,53
Renmin Univ.,07:28,53
Renmin Univ.,07:29,30
Renmin Univ.,07:30,219
Renmin Univ.,07:31,196
Renmin Univ.,07:32,65
Renmin Univ.,07:33,64
Renmin Univ.,07:34,119
Renmin Univ.,07:35,128
Renmin Univ.,07:36,193
Renmin Univ.,07:37,135
Renmin Univ.,07:38,197
Renmin Univ.,07:39,68
Renmin Univ.,07:40,39
Renmin Univ.,07:41,49
Renmin Univ.,07:42,122
Renmin Univ.,07:43,99
Renmin Univ.,07:44,76
Renmin Univ.,07:45,238
Renmin Univ.,07:46,61
Renmin Univ.,07:47,233
Renmin Univ.,07:48,249
Renmin Univ.,07:49,186
Renmin Univ.,07:50,134
Renmin Univ.,07:51,188
Renmin Univ.,07:52,201
Renmin Univ.,07:53,39
Renmin Univ.,07:54,188
Renmin Univ.,07:55,58
Renmin Univ.,07:56,198
Renmin Univ.,07:57,100
Renmin Univ.,07:58,70
Renmin Univ.,07:59,134
Renmin Univ.,08:00,225
Renmin Univ.,08:01,90
Renmin Univ.,08:02,155
Renmin Univ.,08:03,69
Renmin Univ.,08:04,171
Renmin Univ.,08:05,96
Renmin Univ.,08:06,217
Renmin Univ.,08:07,138
Renmin Univ.,08:08,181
Renmin Univ.,08:09,134
Renmin Univ.,08:10,232
Renmin Univ.,08:11,162
Renmin Univ.,08:12,188
Renmin Univ.,08:13,38
Renmin Univ.,08:14,177
Renmin Univ.,08:15,66
Renmin Univ.,08:16,189
Renmin Univ.,08:17,38
Renmin Univ.,08:18,90
Renmin Univ.,08:19,89
Renmin Univ.,08:20,201
Renmin Univ.,08:21,203
Renmin Univ.,08:22,44
Renmin Univ.,08:23,47
Renmin Univ.,08:24,218
Renmin Univ.,08:25,141
Renmin Univ.,08:26,98
Renmin Univ.,08:27,88
Renmin Univ.,08:28,28
Renmin Univ.,08:29,174
Renmin Univ.,08:30,24
Renmin Univ.,08:31,176
Renmin Univ.,08:32,107
Renmin Univ.,08:33,86
Renmin Univ.,08:34,74
Renmin Univ.,08:35,165
Renmin Univ.,08:36,194
Renmin Univ.,08:37,130
Renmin Univ.,08:38,85
Renmin Univ.,08:39,83
Renmin Univ.,08:40,149
Renmin Univ.,08:41,147
Renmin Univ.,08:42,49
Renmin Univ.,08:43,73
Renmin Univ.,08:44,197
Renmin Univ.,08:45,71
Renmin Univ.,08:46,146
Renmin Univ.,08:47,75
Renmin Univ.,08:48,105
Renmin Univ.,08:49,125
Renmin Univ.,08:50,147
Renmin Univ.,08:51,77
Renmin Univ.,08:52,99
Renmin Univ.,08:53,116
Renmin Univ.,08:54,113
Renmin Univ.,08:55,170
Renmin Univ.,08:56,76
Renmin Univ.,08:57,107
Renmin Univ.,08:58,101
Renmin Univ.,08:59,195
Weigongcun,07:00,99
Weigongcun,07:01,103
Weigongcun,07:02,113
Weigongcun,07:03,154
Weigongcun,07:04,121
Weigongcun,07:05,53
Weigongcun,07:06,83
Weigongcun,07:07,30
Weigongcun,07:08,81
Weigongcun,07:09,76
Weigongcun,07:10,62
Weigongcun,07:11,33
Weigongcun,07:12,160
Weigongcun,07:13,134
Weigongcun,07:14,74
Weigongcun,07:15,70
Weigongcun,07:16,63
Weigongcun,07:17,27
Weigongcun,07:18,23
Weigongcun,07:19,128
Weigongcun,07:20,29
Weigongcun,07:21,125
Weigongcun,07:22,125
Weigongcun,07:23,131
Weigongcun,07:24,155
Weigongcun,07:25,104
Weigongcun,07:26,114
Weigongcun,07:27,139
Weigongcun,07:28,58
Weigongcun,07:29,46
Weigongcun,07:30,113
Weigongcun,07:31,67
Weigongcun,07:32,123
Weigongcun,07:33,75
Weigongcun,07:34,80
Weigongcun,07:35,194
Weigongcun,07:36,106
Weigongcun,07:37,178
Weigongcun,07:38,131
Weigongcun,07:39,51
Weigongcun,07:40,217
Weigongcun,07:41,156
Weigongcun,07:42,84
Weigongcun,07:43,60
Weigongcun,07:44,196
Weigongcun,07:45,157
Weigongcun,07:46,43
Weigongcun,07:47,92
Weigongcun,07:48,42
Weigongcun,07:49,109
Weigongcun,07:50,73
Weigongcun,07:51,83
Weigongcun,07:52,108
Weigongcun,07:53,76
Weigongcun,07:54,185
Weigongcun,07:55,105
Weigongcun,07:56,189
Weigongcun,07:57,72
Weigongcun,07:58,172
Weigongcun,07:59,201
Weigongcun,08:00,87
Weigongcun,08:01,170
Weigongcun,08:02,143
Weigongcun,08:03,150
Weigongcun,08:04,184
Weigongcun,08:05,33
Weigongcun,08:06,67
Weigongcun,08:07,86
Weigongcun,08:08,126
Weigongcun,08:09,133
Weigongcun,08:10,179
Weigongcun,08:11,99
Weigongcun,08:12,157
Weigongcun,08:13,95
Weigongcun,08:14,141
Weigongcun,08:15,126
Weigongcun,08:16,131
Weigongcun,08:17,83
Weigongcun,08:18,137
Weigongcun,08:19,30
Weigongcun,08:20,44
Weigongcun,08:21,100
Weigongcun,08:22,189
Weigongcun,08:23,25
Weigongcun,08:24,179
Weigongcun,08:25,146
Weigongcun,08:26,163
Weigongcun,08:27,39
Weigongcun,08:28,101
Weigongcun,08:29,90
Weigongcun,08:30,23
Weigongcun,08:31,48
Weigongcun,08:32,156
Weigongcun,08:33,130
Weigongcun,08:34,125
Weigongcun,08:35,35
Weigongcun,08:36,101
Weigongcun,08:37,143
Weigongcun,08:38,81
Weigongcun,08:39,145
Weigongcun,08:40,120
Weigongcun,08:41,61
Weigongcun,08:42,149
Weigongcun,08:43,105
Weigongcun,08:44,62
Weigongcun,08:45,55
Weigongcun,08:46,90
Weigongcun,08:47,77
Weigongcun,08:48,44
Weigongcun,08:49,49
Weigongcun,08:50,128
Weigongcun,08:51,41
Weigongcun,08:52,128
Weigongcun,08:53,73
Weigongcun,08:54,126
Weigongcun,08:55,138
Weigongcun,08:56,124
Weigongcun,08:57,40
Weigongcun,08:58,62
Weigongcun,08:59,50
National Library,07:00,57
National Library,07:01,38
National Library,07:02,93
National Library,07:03,109
National Library,07:04,72
National Library,07:05,58
National Library,07:06,92
National Library,07:07,76
National Library,07:08,50
National Library,07:09,79
National Library,07:10,23
National Library,07:11,68
National Library,07:12,41
National Library,07:13,68
National Library,07:14,31
National Library,07:15,37
National Library,07:16,78
National Library,07:17,47
National Library,07:18,35
National Library,07:19,75
National Library,07:20,91
National Library,07:21,53
National Library,07:22,27
National Library,07:23,87
National Library,07:24,87
National Library,07:25,105
National Library,07:26,58
National Library,07:27,53
National Library,07:28,101
National Library,07:29,53
National Library,07:30,161
National Library,07:31,76
National Library,07:32,59
National Library,07:33,147
National Library,07:34,131
National Library,07:35,67
National Library,07:36,29
National Library,07:37,113
National Library,07:38,160
National Library,07:39,82
National Library,07:40,146
National Library,07:41,67
National Library,07:42,97
National Library,07:43,83
National Library,07:44,159
National Library,07:45,84
National Library,07:46,45
National Library,07:47,125
National Library,07:48,62
National Library,07:49,69
National Library,07:50,30
National Library,07:51,91
National Library,07:52,91
National Library,07:53,99
National Library,07:54,63
National Library,07:55,126
National Library,07:56,55
National Library,07:57,94
National Library,07:58,77
National Library,07:59,73
National Library,08:00,87
National Library,08:01,132
National Library,08:02,145
National Library,08:03,45
National Library,08:04,26
National Library,08:05,38
National Library,08:06,131
National Library,08:07,54
National Library,08:08,36
National Library,08:09,103
National Library,08:10,67
National Library,08:11,60
National Library,08:12,50
National Library,08:13,92
National Library,08:14,129
National Library,08:15,124
National Library,08:16,90
National Library,08:17,24
National Library,08:18,70
National Library,08:19,41
National Library,08:20,123
National Library,08:21,127
National Library,08:22,91
National Library,08:23,130
National Library,08:24,39
National Library,08:25,112
National Library,08:26,80
National Library,08:27,108
National Library,08:28,54
National Library,08:29,78
National Library,08:30,90
National Library,08:31,71
National Library,08:32,126
National Library,08:33,79
National Library,08:34,123
National Library,08:35,69
National Library,08:36,111
National Library,08:37,137
National Library,08:38,17
National Library,08:39,75
National Library,08:40,114
National Library,08:41,137
National Library,08:42,117
National Library,08:43,130
National Library,08:44,52
National Library,08:45,91
National Library,08:46,115
National Library,08:47,15
National Library,08:48,17
National Library,08:49,76
National Library,08:50,44
National Library,08:51,139
National Library,08:52,30
National Library,08:53,110
National Library,08:54,69
National Library,08:55,24
National Library,08:56,17
National Library,08:57,72
National Library,08:58,22
National Library,08:59,132
Beijing Zoo,07:00,96
Beijing Zoo,07:01,44
Beijing Zoo,07:02,34
Beijing Zoo,07:03,39
Beijing Zoo,07:04,60
Beijing Zoo,07:05,96
Beijing Zoo,07:06,80
Beijing Zoo,07:07,78
Beijing Zoo,07:08,57
Beijing Zoo,07:09,41
Beijing Zoo,07:10,21
Beijing Zoo,07:11,74
Beijing Zoo,07:12,12
Beijing Zoo,07:13,85
Beijing Zoo,07:14,75
Beijing Zoo,07:15,47
Beijing Zoo,07:16,57
Beijing Zoo,07:17,94
Beijing Zoo,07:18,11
Beijing Zoo,07:19,30
Beijing Zoo,07:20,29
Beijing Zoo,07:21,65
Beijing Zoo,07:22,44
Beijing Zoo,07:23,79
Beijing Zoo,07:24,64
Beijing Zoo,07:25,95
Beijing Zoo,07:26,18
Beijing Zoo,07:27,80
Beijing Zoo,07:28,52
Beijing Zoo,07:29,90
Beijing Zoo,07:30,50
Beijing Zoo,07:31,139
Beijing Zoo,07:32,105
Beijing Zoo,07:33,20
Beijing Zoo,07:34,77
Beijing Zoo,07:35,101
Beijing Zoo,07:36,144
Beijing Zoo,07:37,62
Beijing Zoo,07:38,131
Beijing Zoo,07:39,140
Beijing Zoo,07:40,65
Beijing Zoo,07:41,15
Beijing Zoo,07:42,51
Beijing Zoo,07:43,53
Beijing Zoo,07:44,112
Beijing Zoo,07:45,85
Beijing Zoo,07:46,141
Beijing Zoo,07:47,103
Beijing Zoo,07:48,51
Beijing Zoo,07:49,24
Beijing Zoo,07:50,20
Beijing Zoo,07:51,114
Beijing Zoo,07:52,106
Beijing Zoo,07:53,82
Beijing Zoo,07:54,25
Beijing Zoo,07:55,101
Beijing Zoo,07:56,118
Beijing Zoo,07:57,44
Beijing Zoo,07:58,119
Beijing Zoo,07:59,105
Beijing Zoo,08:00,113
Beijing Zoo,08:01,67
Beijing Zoo,08:02,22
Beijing Zoo,08:03,107
Beijing Zoo,08:04,99
Beijing Zoo,08:05,31
Beijing Zoo,08:06,129
Beijing Zoo,08:07,16
Beijing Zoo,08:08,80
Beijing Zoo,08:09,54
Beijing Zoo,08:10,38
Beijing Zoo,08:11,67
Beijing Zoo,08:12,74
Beijing Zoo,08:13,64
Beijing Zoo,08:14,112
Beijing Zoo,08:15,29
Beijing Zoo,08:16,84
Beijing Zoo,08:17,33
Beijing Zoo,08:18,28
Beijing Zoo,08:19,68
Beijing Zoo,08:20,108
Beijing Zoo,08:21,34
Beijing Zoo,08:22,112
Beijing Zoo,08:23,51
Beijing Zoo,08:24,109
Beijing Zoo,08:25,32
Beijing Zoo,08:26,46
Beijing Zoo,08:27,119
Beijing Zoo,08:28,83
Beijing Zoo,08:29,120
Beijing Zoo,08:30,56
Beijing Zoo,08:31,49
Beijing Zoo,08:32,68
Beijing Zoo,08:33,96
Beijing Zoo,08:34,14
Beijing Zoo,08:35,14
Beijing Zoo,08:36,53
Beijing Zoo,08:37,39
Beijing Zoo,08:38,58
Beijing Zoo,08:39,86
Beijing Zoo,08:40,92
Beijing Zoo,08:41,72
Beijing Zoo,08:42,64
Beijing Zoo,08:43,23
Beijing Zoo,08:44,42
Beijing Zoo,08:45,107
Beijing Zoo,08:46,72
Beijing Zoo,08:47,106
Beijing Zoo,08:48,66
Beijing Zoo,08:49,36
Beijing Zoo,08:50,29
Beijing Zoo,08:51,71
Beijing Zoo,08:52,74
Beijing Zoo,08:53,47
Beijing Zoo,08:54,107
Beijing Zoo,08:55,28
Beijing Zoo,08:56,48
Beijing Zoo,08:57,80
Beijing Zoo,08:58,52
Beijing Zoo,08:59,71
Xizhimen,07:00,152
Xizhimen,07:01,122
Xizhimen,07:02,34
Xizhimen,07:03,144
Xizhimen,07:04,84
Xizhimen,07:05,98
Xizhimen,07:06,76
Xizhimen,07:07,111
Xizhimen,07:08,74
Xizhimen,07:09,72
Xizhimen,07:10,103
Xizhimen,07:11,40
Xizhimen,07:12,70
Xizhimen,07:13,113
Xizhimen,07:14,42
Xizhimen,07:15,115
Xizhimen,07:16,140
Xizhimen,07:17,51
Xizhimen,07:18,44
Xizhimen,07:19,71
Xizhimen,07:20,116
Xizhimen,07:21,94
Xizhimen,07:22,60
Xizhimen,07:23,57
Xizhimen,07:24,25
Xizhimen,07:25,152
Xizhimen,07:26,115
Xizhimen,07:27,98
Xizhimen,07:28,115
Xizhimen,07:29,66
Xizhimen,07:30,135
Xizhimen,07:31,110
Xizhimen,07:32,96
Xizhimen,07:33,106
Xizhimen,07:34,81
Xizhimen,07:35,29
Xizhimen,07:36,133
Xizhimen,07:37,125
Xizhimen,07:38,149
Xizhimen,07:39,65
Xizhimen,07:40,62
Xizhimen,07:41,116
Xizhimen,07:42,82
Xizhimen,07:43,57
Xizhimen,07:44,150
Xizhimen,07:45,189
Xizhimen,07:46,160
Xizhimen,07:47,75
Xizhimen,07:48,164
Xizhimen,07:49,43
Xizhimen,07:50,124
Xizhimen,07:51,149
Xizhimen,07:52,43
Xizhimen,07:53,114
Xizhimen,07:54,177
Xizhimen,07:55,156
Xizhimen,07:56,34
Xizhimen,07:57,40
Xizhimen,07:58,176
Xizhimen,07:59,34
Xizhimen,08:00,156
Xizhimen,08:01,34
Xizhimen,08:02,64
Xizhimen,08:03,105
Xizhimen,08:04,189
Xizhimen,08:05,38
Xizhimen,08:06,161
Xizhimen,08:07,152
Xizhimen,08:08,38
Xizhimen,08:09,96
Xizhimen,08:10,33
Xizhimen,08:11,180
Xizhimen,08:12,165
Xizhimen,08:13,163
Xizhimen,08:14,130
Xizhimen,08:15,207
Xizhimen,08:16,41
Xizhimen,08:17,176
Xizhimen,08:18,87
Xizhimen,08:19,92
Xizhimen,08:20,82
Xizhimen,08:21,75
Xizhimen,08:22,180
Xizhimen,08:23,209
Xizhimen,08:24,41
Xizhimen,08:25,91
Xizhimen,08:26,41
Xizhimen,08:27,159
Xizhimen,08:28,172
Xizhimen,08:29,132
Xizhimen,08:30,113
Xizhimen,08:31,82
Xizhimen,08:32,127
Xizhimen,08:33,84
Xizhimen,08:34,25
Xizhimen,08:35,117
Xizhimen,08:36,19
Xizhimen,08:37,108
Xizhimen,08:38,149
Xizhimen,08:39,87
Xizhimen,08:40,82
Xizhimen,08:41,112
Xizhimen,08:42,152
Xizhimen,08:43,54
Xizhimen,08:44,102
Xizhimen,08:45,134
Xizhimen,08:46,29
Xizhimen,08:47,94
Xizhimen,08:48,127
Xizhimen,08:49,39
Xizhimen,08:50,118
Xizhimen,08:51,28
Xizhimen,08:52,61
Xizhimen,08:53,93
Xizhimen,08:54,90
Xizhimen,08:55,105
Xizhimen,08:56,41
Xizhimen,08:57,94
Xizhimen,08:58,114
Xizhimen,08:59,83
Xinjie Kou,07:00,52
Xinjie Kou,07:01,111
Xinjie Kou,07:02,114
Xinjie Kou,07:03,33
Xinjie Kou,07:04,109
Xinjie Kou,07:05,109
Xinjie Kou,07:06,102
Xinjie Kou,07:07,85
Xinjie Kou,07:08,34
Xinjie Kou,07:09,33
Xinjie Kou,07:10,116
Xinjie Kou,07:11,68
Xinjie Kou,07:12,28
Xinjie Kou,07:13,47
Xinjie Kou,07:14,105
Xinjie Kou,07:15,100
Xinjie Kou,07:16,34
Xinjie Kou,07:17,95
Xinjie Kou,07:18,23
Xinjie Kou,07:19,50
Xinjie Kou,07:20,92
Xinjie Kou,07:21,38
Xinjie Kou,07:22,93
Xinjie Kou,07:23,42
Xinjie Kou,07:24,27
Xinjie Kou,07:25,49
Xinjie Kou,07:26,56
Xinjie Kou,07:27,80
Xinjie Kou,07:28,58
Xinjie Kou,07:29,118
Xinjie Kou,07:30,131
Xinjie Kou,07:31,135
Xinjie Kou,07:32,99
Xinjie Kou,07:33,71
Xinjie Kou,07:34,140
Xinjie Kou,07:35,89
Xinjie Kou,07:36,97
Xinjie Kou,07:37,18
Xinjie Kou,07:38,55
Xinjie Kou,07:39,138
Xinjie Kou,07:40,74
Xinjie Kou,07:41,126
Xinjie Kou,07:42,74
Xinjie Kou,07:43,48
Xinjie Kou,07:44,48
Xinjie Kou,07:45,47
Xinjie Kou,07:46,99
Xinjie Kou,07:47,30
Xinjie Kou,07:48,46
Xinjie Kou,07:49,136
Xinjie Kou,07:50,84
Xinjie Kou,07:51,39
Xinjie Kou,07:52,79
Xinjie Kou,07:53,99
Xinjie Kou,07:54,100
Xinjie Kou,07:55,35
Xinjie Kou,07:56,39
Xinjie Kou,07:57,53
Xinjie Kou,07:58,19
Xinjie Kou,07:59,131
Xinjie Kou,08:00,70
Xinjie Kou,08:01,87
Xinjie Kou,08:02,22
Xinjie Kou,08:03,41
Xinjie Kou,08:04,94
Xinjie Kou,08:05,21
Xinjie Kou,08:06,97
Xinjie Kou,08:07,50
Xinjie Kou,08:08,31
Xinjie Kou,08:09,80
Xinjie Kou,08:10,19
Xinjie Kou,08:11,65
Xinjie Kou,08:12,69
Xinjie Kou,08:13,97
Xinjie Kou,08:14,84
Xinjie Kou,08:15,62
Xinjie Kou,08:16,93
Xinjie Kou,08:17,52
Xinjie Kou,08:18,9
Xinjie Kou,08:19,71
Xinjie Kou,08:20,65
Xinjie Kou,08:21,45
Xinjie Kou,08:22,92
Xinjie Kou,08:23,79
Xinjie Kou,08:24,87
Xinjie Kou,08:25,42
Xinjie Kou,08:26,56
Xinjie Kou,08:27,56
Xinjie Kou,08:28,73
Xinjie Kou,08:29,61
Xinjie Kou,08:30,22
Xinjie Kou,08:31,44
Xinjie Kou,08:32,23
Xinjie Kou,08:33,68
Xinjie Kou,08:34,37
Xinjie Kou,08:35,81
Xinjie Kou,08:36,79
Xinjie Kou,08:37,73
Xinjie Kou,08:38,27
Xinjie Kou,08:39,60
Xinjie Kou,08:40,18
Xinjie Kou,08:41,17
Xinjie Kou,08:42,89
Xinjie Kou,08:43,83
Xinjie Kou,08:44,97
Xinjie Kou,08:45,19
Xinjie Kou,08:46,66
Xinjie Kou,08:47,31
Xinjie Kou,08:48,38
Xinjie Kou,08:49,36
Xinjie Kou,08:50,35
Xinjie Kou,08:51,90
Xinjie Kou,08:52,28
Xinjie Kou,08:53,88
Xinjie Kou,08:54,86
Xinjie Kou,08:55,99
Xinjie Kou,08:56,75
Xinjie Kou,08:57,69
Xinjie Kou,08:58,108
Xinjie Kou,08:59,40
Ping’an Li,07:00,57
Ping’an Li,07:01,73
Ping’an Li,07:02,27
Ping’an Li,07:03,38
Ping’an Li,07:04,79
Ping’an Li,07:05,46
Ping’an Li,07:06,19
Ping’an Li,07:07,21
Ping’an Li,07:08,56
Ping’an Li,07:09,53
Ping’an Li,07:10,8
Ping’an Li,07:11,44
Ping’an Li,07:12,56
Ping’an Li,07:13,69
Ping’an Li,07:14,68
Ping’an Li,07:15,31
Ping’an Li,07:16,79
Ping’an Li,07:17,73
Ping’an Li,07:18,78
Ping’an Li,07:19,36
Ping’an Li,07:20,40
Ping’an Li,07:21,42
Ping’an Li,07:22,76
Ping’an Li,07:23,42
Ping’an Li,07:24,50
Ping’an Li,07:25,81
Ping’an Li,07:26,0
Ping’an Li,07:27,55
Ping’an Li,07:28,63
Ping’an Li,07:29,9
Ping’an Li,07:30,110
Ping’an Li,07:31,117
Ping’an Li,07:32,49
Ping’an Li,07:33,17
Ping’an Li,07:34,66
Ping’an Li,07:35,83
Ping’an Li,07:36,73
Ping’an Li,07:37,108
Ping’an Li,07:38,49
Ping’an Li,07:39,105
Ping’an Li,07:40,92
Ping’an Li,07:41,61
Ping’an Li,07:42,31
Ping’an Li,07:43,21
Ping’an Li,07:44,5
Ping’an Li,07:45,116
Ping’an Li,07:46,78
Ping’an Li,07:47,115
Ping’an Li,07:48,38
Ping’an Li,07:49,36
Ping’an Li,07:50,35
Ping’an Li,07:51,46
Ping’an Li,07:52,84
Ping’an Li,07:53,76
Ping’an Li,07:54,94
Ping’an Li,07:55,64
Ping’an Li,07:56,87
Ping’an Li,07:57,106
Ping’an Li,07:58,103
Ping’an Li,07:59,29
Ping’an Li,08:00,141
Ping’an Li,08:01,35
Ping’an Li,08:02,100
Ping’an Li,08:03,37
Ping’an Li,08:04,75
Ping’an Li,08:05,116
Ping’an Li,08:06,25
Ping’an Li,08:07,82
Ping’an Li,08:08,47
Ping’an Li,08:09,83
Ping’an Li,08:10,28
Ping’an Li,08:11,138
Ping’an Li,08:12,97
Ping’an Li,08:13,115
Ping’an Li,08:14,136
Ping’an Li,08:15,63
Ping’an Li,08:16,123
Ping’an Li,08:17,122
Ping’an Li,08:18,104
Ping’an Li,08:19,68
Ping’an Li,08:20,21
Ping’an Li,08:21,74
Ping’an Li,08:22,25
Ping’an Li,08:23,112
Ping’an Li,08:24,25
Ping’an Li,08:25,37
Ping’an Li,08:26,31
Ping’an Li,08:27,139
Ping’an Li,08:28,46
Ping’an Li,08:29,101
Ping’an Li,08:30,37
Ping’an Li,08:31,67
Ping’an Li,08:32,44
Ping’an Li,08:33,11
Ping’an Li,08:34,37
Ping’an Li,08:35,30
Ping’an Li,08:36,68
Ping’an Li,08:37,71
Ping’an Li,08:38,76
Ping’an Li,08:39,77
Ping’an Li,08:40,64
Ping’an Li,08:41,67
Ping’an Li,08:42,73
Ping’an Li,08:43,43
Ping’an Li,08:44,35
Ping’an Li,08:45,4
Ping’an Li,08:46,69
Ping’an Li,08:47,34
Ping’an Li,08:48,28
Ping’an Li,08:49,27
Ping’an Li,08:50,76
Ping’an Li,08:51,54
Ping’an Li,08:52,75
Ping’an Li,08:53,70
Ping’an Li,08:54,13
Ping’an Li,08:55,65
Ping’an Li,08:56,57
Ping’an Li,08:57,75
Ping’an Li,08:58,42
Ping’an Li,08:59,23
Xisi,07:00,16
Xisi,07:01,7
Xisi,07:02,4
Xisi,07:03,12
Xisi,07:04,12
Xisi,07:05,23
Xisi,07:06,33
Xisi,07:07,6
Xisi,07:08,26
Xisi,07:09,8
Xisi,07:10,12
Xisi,07:11,25
Xisi,07:12,29
Xisi,07:13,23
Xisi,07:14,13
Xisi,07:15,26
Xisi,07:16,32
Xisi,07:17,10
Xisi,07:18,14
Xisi,07:19,30
Xisi,07:20,19
Xisi,07:21,17
Xisi,07:22,11
Xisi,07:23,14
Xisi,07:24,8
Xisi,07:25,6
Xisi,07:26,20
Xisi,07:27,30
Xisi,07:28,20
Xisi,07:29,30
Xisi,07:30,49
Xisi,07:31,35
Xisi,07:32,15
Xisi,07:33,29
Xisi,07:34,33
Xisi,07:35,25
Xisi,07:36,21
Xisi,07:37,39
Xisi,07:38,11
Xisi,07:39,22
Xisi,07:40,32
Xisi,07:41,21
Xisi,07:42,43
Xisi,07:43,38
Xisi,07:44,49
Xisi,07:45,42
Xisi,07:46,18
Xisi,07:47,19
Xisi,07:48,6
Xisi,07:49,30
Xisi,07:50,22
Xisi,07:51,46
Xisi,07:52,18
Xisi,07:53,28
Xisi,07:54,13
Xisi,07:55,38
Xisi,07:56,25
Xisi,07:57,7
Xisi,07:58,15
Xisi,07:59,42
Xisi,08:00,31
Xisi,08:01,12
Xisi,08:02,23
Xisi,08:03,28
Xisi,08:04,44
Xisi,08:05,21
Xisi,08:06,35
Xisi,08:07,19
Xisi,08:08,17
Xisi,08:09,45
Xisi,08:10,19
Xisi,08:11,19
Xisi,08:12,28
Xisi,08:13,14
Xisi,08:14,27
Xisi,08:15,40
Xisi,08:16,34
Xisi,08:17,31
Xisi,08:18,28
Xisi,08:19,20
Xisi,08:20,36
Xisi,08:21,29
Xisi,08:22,50
Xisi,08:23,23
Xisi,08:24,50
Xisi,08:25,18
Xisi,08:26,11
Xisi,08:27,32
Xisi,08:28,45
Xisi,08:29,47
Xisi,08:30,18
Xisi,08:31,6
Xisi,08:32,13
Xisi,08:33,11
Xisi,08:34,18
Xisi,08:35,10
Xisi,08:36,28
Xisi,08:37,6
Xisi,08:38,15
Xisi,08:39,6
Xisi,08:40,8
Xisi,08:41,8
Xisi,08:42,24
Xisi,08:43,29
Xisi,08:44,26
Xisi,08:45,12
Xisi,08:46,27
Xisi,08:47,14
Xisi,08:48,19
Xisi,08:49,8
Xisi,08:50,13
Xisi,08:51,34
Xisi,08:52,29
Xisi,08:53,28
Xisi,08:54,29
Xisi,08:55,24
Xisi,08:56,31
Xisi,08:57,17
Xisi,08:58,20
Xisi,08:59,17
Lingjing Hutong,07:00,19
Lingjing Hutong,07:01,14
Lingjing Hutong,07:02,27
Lingjing Hutong,07:03,14
Lingjing Hutong,07:04,19
Lingjing Hutong,07:05,14
Lingjing Hutong,07:06,9
Lingjing Hutong,07:07,14
Lingjing Hutong,07:08,11
Lingjing Hutong,07:09,11
Lingjing Hutong,07:10,8
Lingjing Hutong,07:11,6
Lingjing Hutong,07:12,10
Lingjing Hutong,07:13,26
Lingjing Hutong,07:14,27
Lingjing Hutong,07:15,8
Lingjing Hutong,07:16,19
Lingjing Hutong,07:17,7
Lingjing Hutong,07:18,25
Lingjing Hutong,07:19,10
Lingjing Hutong,07:20,7
Lingjing Hutong,07:21,13
Lingjing Hutong,07:22,17
Lingjing Hutong,07:23,8
Lingjing Hutong,07:24,18
Lingjing Hutong,07:25,25
Lingjing Hutong,07:26,20
Lingjing Hutong,07:27,27
Lingjing Hutong,07:28,18
Lingjing Hutong,07:29,9
Lingjing Hutong,07:30,19
Lingjing Hutong,07:31,41
Lingjing Hutong,07:32,24
Lingjing Hutong,07:33,10
Lingjing Hutong,07:34,14
Lingjing Hutong,07:35,38
Lingjing Hutong,07:36,18
Lingjing Hutong,07:37,12
Lingjing Hutong,07:38,33
Lingjing Hutong,07:39,23
Lingjing Hutong,07:40,46
Lingjing Hutong,07:41,6
Lingjing Hutong,07:42,11
Lingjing Hutong,07:43,9
Lingjing Hutong,07:44,15
Lingjing Hutong,07:45,47
Lingjing Hutong,07:46,14
Lingjing Hutong,07:47,44
Lingjing Hutong,07:48,22
Lingjing Hutong,07:49,44
Lingjing Hutong,07:50,14
Lingjing Hutong,07:51,32
Lingjing Hutong,07:52,27
Lingjing Hutong,07:53,10
Lingjing Hutong,07:54,38
Lingjing Hutong,07:55,23
Lingjing Hutong,07:56,15
Lingjing Hutong,07:57,29
Lingjing Hutong,07:58,33
Lingjing Hutong,07:59,15
Lingjing Hutong,08:00,39
Lingjing Hutong,08:01,27
Lingjing Hutong,08:02,37
Lingjing Hutong,08:03,18
Lingjing Hutong,08:04,21
Lingjing Hutong,08:05,18
Lingjing Hutong,08:06,20
Lingjing Hutong,08:07,36
Lingjing Hutong,08:08,26
Lingjing Hutong,08:09,14
Lingjing Hutong,08:10,34
Lingjing Hutong,08:11,40
Lingjing Hutong,08:12,42
Lingjing Hutong,08:13,8
Lingjing Hutong,08:14,32
Lingjing Hutong,08:15,44
Lingjing Hutong,08:16,14
Lingjing Hutong,08:17,26
Lingjing Hutong,08:18,28
Lingjing Hutong,08:19,19
Lingjing Hutong,08:20,13
Lingjing Hutong,08:21,10
Lingjing Hutong,08:22,3
Lingjing Hutong,08:23,38
Lingjing Hutong,08:24,15
Lingjing Hutong,08:25,22
Lingjing Hutong,08:26,40
Lingjing Hutong,08:27,33
Lingjing Hutong,08:28,27
Lingjing Hutong,08:29,18
Lingjing Hutong,08:30,24
Lingjing Hutong,08:31,26
Lingjing Hutong,08:32,17
Lingjing Hutong,08:33,26
Lingjing Hutong,08:34,35
Lingjing Hutong,08:35,9
Lingjing Hutong,08:36,4
Lingjing Hutong,08:37,29
Lingjing Hutong,08:38,34
Lingjing Hutong,08:39,26
Lingjing Hutong,08:40,26
Lingjing Hutong,08:41,16
Lingjing Hutong,08:42,4
Lingjing Hutong,08:43,10
Lingjing Hutong,08:44,24
Lingjing Hutong,08:45,16
Lingjing Hutong,08:46,38
Lingjing Hutong,08:47,11
Lingjing Hutong,08:48,12
Lingjing Hutong,08:49,1
Lingjing Hutong,08:50,32
Lingjing Hutong,08:51,37
Lingjing Hutong,08:52,11
Lingjing Hutong,08:53,27
Lingjing Hutong,08:54,25
Lingjing Hutong,08:55,34
Lingjing Hutong,08:56,25
Lingjing Hutong,08:57,36
Lingjing Hutong,08:58,29
Lingjing Hutong,08:59,25
Xidan,07:00,37
Xidan,07:01,30
Xidan,07:02,118
Xidan,07:03,72
Xidan,07:04,138
Xidan,07:05,106
Xidan,07:06,104
Xidan,07:07,16
Xidan,07:08,12
Xidan,07:09,52
Xidan,07:10,77
Xidan,07:11,62
Xidan,07:12,9
Xidan,07:13,93
Xidan,07:14,118
Xidan,07:15,104
Xidan,07:16,95
Xidan,07:17,118
Xidan,07:18,55
Xidan,07:19,24
Xidan,07:20,84
Xidan,07:21,95
Xidan,07:22,81
Xidan,07:23,131
Xidan,07:24,113
Xidan,07:25,51
Xidan,07:26,96
Xidan,07:27,100
Xidan,07:28,99
Xidan,07:29,133
Xidan,07:30,60
Xidan,07:31,169
Xidan,07:32,96
Xidan,07:33,25
Xidan,07:34,125
Xidan,07:35,34
Xidan,07:36,138
Xidan,07:37,21
Xidan,07:38,26
Xidan,07:39,35
Xidan,07:40,50
Xidan,07:41,173
Xidan,07:42,141
Xidan,07:43,78
Xidan,07:44,92
Xidan,07:45,106
Xidan,07:46,148
Xidan,07:47,140
Xidan,07:48,77
Xidan,07:49,86
Xidan,07:50,49
Xidan,07:51,117
Xidan,07:52,149
Xidan,07:53,157
Xidan,07:54,155
Xidan,07:55,83
Xidan,07:56,111
Xidan,07:57,31
Xidan,07:58,138
Xidan,07:59,77
Xidan,08:00,138
Xidan,08:01,54
Xidan,08:02,104
Xidan,08:03,20
Xidan,08:04,36
Xidan,08:05,69
Xidan,08:06,87
Xidan,08:07,146
Xidan,08:08,21
Xidan,08:09,46
Xidan,08:10,26
Xidan,08:11,131
Xidan,08:12,30
Xidan,08:13,52
Xidan,08:14,81
Xidan,08:15,19
Xidan,08:16,145
Xidan,08:17,139
Xidan,08:18,151
Xidan,08:19,133
Xidan,08:20,30
Xidan,08:21,118
Xidan,08:22,44
Xidan,08:23,126
Xidan,08:24,93
Xidan,08:25,138
Xidan,08:26,145
Xidan,08:27,49
Xidan,08:28,52
Xidan,08:29,134
Xidan,08:30,52
Xidan,08:31,52
Xidan,08:32,61
Xidan,08:33,92
Xidan,08:34,28
Xidan,08:35,60
Xidan,08:36,31
Xidan,08:37,70
Xidan,08:38,18
Xidan,08:39,89
Xidan,08:40,72
Xidan,08:41,46
Xidan,08:42,29
Xidan,08:43,72
Xidan,08:44,46
Xidan,08:45,58
Xidan,08:46,55
Xidan,08:47,42
Xidan,08:48,27
Xidan,08:49,73
Xidan,08:50,68
Xidan,08:51,24
Xidan,08:52,60
Xidan,08:53,45
Xidan,08:54,87
Xidan,08:55,25
Xidan,08:56,47
Xidan,08:57,56
Xidan,08:58,84
Xidan,08:59,31
Xuanwu Men,07:00,4
Xuanwu Men,07:01,8
Xuanwu Men,07:02,2
Xuanwu Men,07:03,3
Xuanwu Men,07:04,12
Xuanwu Men,07:05,3
Xuanwu Men,07:06,5
Xuanwu Men,07:07,8
Xuanwu Men,07:08,11
Xuanwu Men,07:09,6
Xuanwu Men,07:10,12
Xuanwu Men,07:11,2
Xuanwu Men,07:12,10
Xuanwu Men,07:13,8
Xuanwu Men,07:14,9
Xuanwu Men,07:15,9
Xuanwu Men,07:16,5
Xuanwu Men,07:17,2
Xuanwu Men,07:18,5
Xuanwu Men,07:19,6
Xuanwu Men,07:20,3
Xuanwu Men,07:21,12
Xuanwu Men,07:22,2
Xuanwu Men,07:23,10
Xuanwu Men,07:24,8
Xuanwu Men,07:25,8
Xuanwu Men,07:26,5
Xuanwu Men,07:27,5
Xuanwu Men,07:28,10
Xuanwu Men,07:29,9
Xuanwu Men,07:30,4
Xuanwu Men,07:31,18
Xuanwu Men,07:32,5
Xuanwu Men,07:33,8
Xuanwu Men,07:34,6
Xuanwu Men,07:35,11
Xuanwu Men,07:36,15
Xuanwu Men,07:37,8
Xuanwu Men,07:38,13
Xuanwu Men,07:39,16
Xuanwu Men,07:40,10
Xuanwu Men,07:41,22
Xuanwu Men,07:42,15
Xuanwu Men,07:43,16
Xuanwu Men,07:44,3
Xuanwu Men,07:45,4
Xuanwu Men,07:46,9
Xuanwu Men,07:47,17
Xuanwu Men,07:48,18
Xuanwu Men,07:49,19
Xuanwu Men,07:50,21
Xuanwu Men,07:51,13
Xuanwu Men,07:52,7
Xuanwu Men,07:53,7
Xuanwu Men,07:54,21
Xuanwu Men,07:55,12
Xuanwu Men,07:56,14
Xuanwu Men,07:57,1
Xuanwu Men,07:58,21
Xuanwu Men,07:59,15
Xuanwu Men,08:00,14
Xuanwu Men,08:01,8
Xuanwu Men,08:02,10
Xuanwu Men,08:03,4
Xuanwu Men,08:04,24
Xuanwu Men,08:05,8
Xuanwu Men,08:06,16
Xuanwu Men,08:07,12
Xuanwu Men,08:08,8
Xuanwu Men,08:09,15
Xuanwu Men,08:10,17
Xuanwu Men,08:11,5
Xuanwu Men,08:12,10
Xuanwu Men,08:13,7
Xuanwu Men,08:14,12
Xuanwu Men,08:15,6
Xuanwu Men,08:16,19
Xuanwu Men,08:17,19
Xuanwu Men,08:18,7
Xuanwu Men,08:19,24
Xuanwu Men,08:20,19
Xuanwu Men,08:21,4
Xuanwu Men,08:22,22
Xuanwu Men,08:23,19
Xuanwu Men,08:24,7
Xuanwu Men,08:25,8
Xuanwu Men,08:26,19
Xuanwu Men,08:27,19
Xuanwu Men,08:28,13
Xuanwu Men,08:29,21
Xuanwu Men,08:30,14
Xuanwu Men,08:31,6
Xuanwu Men,08:32,13
Xuanwu Men,08:33,14
Xuanwu Men,08:34,12
Xuanwu Men,08:35,4
Xuanwu Men,08:36,12
Xuanwu Men,08:37,5
Xuanwu Men,08:38,16
Xuanwu Men,08:39,6
Xuanwu Men,08:40,13
Xuanwu Men,08:41,14
Xuanwu Men,08:42,4
Xuanwu Men,08:43,4
Xuanwu Men,08:44,7
Xuanwu Men,08:45,6
Xuanwu Men,08:46,4
Xuanwu Men,08:47,14
Xuanwu Men,08:48,12
Xuanwu Men,08:49,4
Xuanwu Men,08:50,12
Xuanwu Men,08:51,3
Xuanwu Men,08:52,9
Xuanwu Men,08:53,5
Xuanwu Men,08:54,11
Xuanwu Men,08:55,9
Xuanwu Men,08:56,9
Xuanwu Men,08:57,6
Xuanwu Men,08:58,12
Xuanwu Men,08:59,4
Caishi Kou,07:00,16
Caishi Kou,07:01,12
Caishi Kou,07:02,18
Caishi Kou,07:03,6
Caishi Kou,07:04,9
Caishi Kou,07:05,9
Caishi Kou,07:06,16
Caishi Kou,07:07,1
Caishi Kou,07:08,5
Caishi Kou,07:09,15
Caishi Kou,07:10,8
Caishi Kou,07:11,15
Caishi Kou,07:12,16
Caishi Kou,07:13,9
Caishi Kou,07:14,9
Caishi Kou,07:15,4
Caishi Kou,07:16,11
Caishi Kou,07:17,9
Caishi Kou,07:18,16
Caishi Kou,07:19,7
Caishi Kou,07:20,11
Caishi Kou,07:21,14
Caishi Kou,07:22,10
Caishi Kou,07:23,12
Caishi Kou,07:24,13
Caishi Kou,07:25,15
Caishi Kou,07:26,9
Caishi Kou,07:27,2
Caishi Kou,07:28,8
Caishi Kou,07:29,16
Caishi Kou,07:30,11
Caishi Kou,07:31,28
Caishi Kou,07:32,25
Caishi Kou,07:33,10
Caishi Kou,07:34,26
Caishi Kou,07:35,6
Caishi Kou,07:36,6
Caishi Kou,07:37,8
Caishi Kou,07:38,9
Caishi Kou,07:39,28
Caishi Kou,07:40,26
Caishi Kou,07:41,8
Caishi Kou,07:42,23
Caishi Kou,07:43,24
Caishi Kou,07:44,6
Caishi Kou,07:45,18
Caishi Kou,07:46,5
Caishi Kou,07:47,7
Caishi Kou,07:48,17
Caishi Kou,07:49,21
Caishi Kou,07:50,8
Caishi Kou,07:51,13
Caishi Kou,07:52,20
Caishi Kou,07:53,24
Caishi Kou,07:54,7
Caishi Kou,07:55,22
Caishi Kou,07:56,12
Caishi Kou,07:57,26
Caishi Kou,07:58,7
Caishi Kou,07:59,25
Caishi Kou,08:00,21
Caishi Kou,08:01,16
Caishi Kou,08:02,12
Caishi Kou,08:03,15
Caishi Kou,08:04,31
Caishi Kou,08:05,13
Caishi Kou,08:06,7
Caishi Kou,08:07,30
Caishi Kou,08:08,9
Caishi Kou,08:09,31
Caishi Kou,08:10,21
Caishi Kou,08:11,32
Caishi Kou,08:12,14
Caishi Kou,08:13,5
Caishi Kou,08:14,26
Caishi Kou,08:15,10
Caishi Kou,08:16,31
Caishi Kou,08:17,6
Caishi Kou,08:18,20
Caishi Kou,08:19,16
Caishi Kou,08:20,22
Caishi Kou,08:21,19
Caishi Kou,08:22,13
Caishi Kou,08:23,17
Caishi Kou,08:24,11
Caishi Kou,08:25,30
Caishi Kou,08:26,31
Caishi Kou,08:27,12
Caishi Kou,08:28,11
Caishi Kou,08:29,22
Caishi Kou,08:30,14
Caishi Kou,08:31,18
Caishi Kou,08:32,11
Caishi Kou,08:33,10
Caishi Kou,08:34,7
Caishi Kou,08:35,3
Caishi Kou,08:36,4
Caishi Kou,08:37,23
Caishi Kou,08:38,11
Caishi Kou,08:39,25
Caishi Kou,08:40,24
Caishi Kou,08:41,15
Caishi Kou,08:42,16
Caishi Kou,08:43,7
Caishi Kou,08:44,26
Caishi Kou,08:45,4
Caishi Kou,08:46,24
Caishi Kou,08:47,9
Caishi Kou,08:48,18
Caishi Kou,08:49,19
Caishi Kou,08:50,8
Caishi Kou,08:51,16
Caishi Kou,08:52,22
Caishi Kou,08:53,3
Caishi Kou,08:54,20
Caishi Kou,08:55,21
Caishi Kou,08:56,14
Caishi Kou,08:57,25
Caishi Kou,08:58,8
Caishi Kou,08:59,17
Taoranting,07:00,13
Taoranting,07:01,12
Taoranting,07:02,9
Taoranting,07:03,2
Taoranting,07:04,13
Taoranting,07:05,3
Taoranting,07:06,7
Taoranting,07:07,3
Taoranting,07:08,3
Taoranting,07:09,9
Taoranting,07:10,10
Taoranting,07:11,5
Taoranting,07:12,3
Taoranting,07:13,8
Taoranting,07:14,6
Taoranting,07:15,11
Taoranting,07:16,7
Taoranting,07:17,4
Taoranting,07:18,6
Taoranting,07:19,13
Taoranting,07:20,7
Taoranting,07:21,4
Taoranting,07:22,15
Taoranting,07:23,10
Taoranting,07:24,13
Taoranting,07:25,11
Taoranting,07:26,5
Taoranting,07:27,11
Taoranting,07:28,11
Taoranting,07:29,12
Taoranting,07:30,18
Taoranting,07:31,22
Taoranting,07:32,17
Taoranting,07:33,6
Taoranting,07:34,13
Taoranting,07:35,3
Taoranting,07:36,20
Taoranting,07:37,23
Taoranting,07:38,8
Taoranting,07:39,15
Taoranting,07:40,21
Taoranting,07:41,13
Taoranting,07:42,6
Taoranting,07:43,13
Taoranting,07:44,22
Taoranting,07:45,18
Taoranting,07:46,10
Taoranting,07:47,21
Taoranting,07:48,13
Taoranting,07:49,14
Taoranting,07:50,3
Taoranting,07:51,19
Taoranting,07:52,26
Taoranting,07:53,22
Taoranting,07:54,13
Taoranting,07:55,14
Taoranting,07:56,23
Taoranting,07:57,12
Taoranting,07:58,12
Taoranting,07:59,11
Taoranting,08:00,19
Taoranting,08:01,24
Taoranting,08:02,19
Taoranting,08:03,19
Taoranting,08:04,28
Taoranting,08:05,16
Taoranting,08:06,4
Taoranting,08:07,17
Taoranting,08:08,21
Taoranting,08:09,16
Taoranting,08:10,6
Taoranting,08:11,5
Taoranting,08:12,19
Taoranting,08:13,12
Taoranting,08:14,14
Taoranting,08:15,13
Taoranting,08:16,7
Taoranting,08:17,6
Taoranting,08:18,13
Taoranting,08:19,19
Taoranting,08:20,3
Taoranting,08:21,9
Taoranting,08:22,16
Taoranting,08:23,11
Taoranting,08:24,15
Taoranting,08:25,24
Taoranting,08:26,12
Taoranting,08:27,13
Taoranting,08:28,12
Taoranting,08:29,16
Taoranting,08:30,5
Taoranting,08:31,11
Taoranting,08:32,16
Taoranting,08:33,6
Taoranting,08:34,11
Taoranting,08:35,15
Taoranting,08:36,8
Taoranting,08:37,7
Taoranting,08:38,15
Taoranting,08:39,7
Taoranting,08:40,16
Taoranting,08:41,3
Taoranting,08:42,3
Taoranting,08:43,14
Taoranting,08:44,17
Taoranting,08:45,2
Taoranting,08:46,5
Taoranting,08:47,5
Taoranting,08:48,14
Taoranting,08:49,6
Taoranting,08:50,10
Taoranting,08:51,9
Taoranting,08:52,14
Taoranting,08:53,6
Taoranting,08:54,5
Taoranting,08:55,14
Taoranting,08:56,10
Taoranting,08:57,14
Taoranting,08:58,4
Taoranting,08:59,13
Beijing South Railway Station,07:00,84
Beijing South Railway Station,07:01,37
Beijing South Railway Station,07:02,106
Beijing South Railway Station,07:03,194
Beijing South Railway Station,07:04,176
Beijing South Railway Station,07:05,151
Beijing South Railway Station,07:06,207
Beijing South Railway Station,07:07,94
Beijing South Railway Station,07:08,88
Beijing South Railway Station,07:09,91
Beijing South Railway Station,07:10,177
Beijing South Railway Station,07:11,155
Beijing South Railway Station,07:12,192
Beijing South Railway Station,07:13,149
Beijing South Railway Station,07:14,43
Beijing South Railway Station,07:15,162
Beijing South Railway Station,07:16,62
Beijing South Railway Station,07:17,173
Beijing South Railway Station,07:18,170
Beijing South Railway Station,07:19,86
Beijing South Railway Station,07:20,99
Beijing South Railway Station,07:21,187
Beijing South Railway Station,07:22,100
Beijing South Railway Station,07:23,57
Beijing South Railway Station,07:24,41
Beijing South Railway Station,07:25,161
Beijing South Railway Station,07:26,40
Beijing South Railway Station,07:27,70
Beijing South Railway Station,07:28,118
Beijing South Railway Station,07:29,148
Beijing South Railway Station,07:30,141
Beijing South Railway Station,07:31,133
Beijing South Railway Station,07:32,32
Beijing South Railway Station,07:33,77
Beijing South Railway Station,07:34,134
Beijing South Railway Station,07:35,185
Beijing South Railway Station,07:36,231
Beijing South Railway Station,07:37,230
Beijing South Railway Station,07:38,146
Beijing South Railway Station,07:39,104
Beijing South Railway Station,07:40,158
Beijing South Railway Station,07:41,236
Beijing South Railway Station,07:42,186
Beijing South Railway Station,07:43,231
Beijing South Railway Station,07:44,68
Beijing South Railway Station,07:45,205
Beijing South Railway Station,07:46,98
Beijing South Railway Station,07:47,61
Beijing South Railway Station,07:48,97
Beijing South Railway Station,07:49,120
Beijing South Railway Station,07:50,85
Beijing South Railway Station,07:51,164
Beijing South Railway Station,07:52,78
Beijing South Railway Station,07:53,208
Beijing South Railway Station,07:54,189
Beijing South Railway Station,07:55,252
Beijing South Railway Station,07:56,93
Beijing South Railway Station,07:57,169
Beijing South Railway Station,07:58,155
Beijing South Railway Station,07:59,140
Beijing South Railway Station,08:00,109
Beijing South Railway Station,08:01,156
Beijing South Railway Station,08:02,116
Beijing South Railway Station,08:03,242
Beijing South Railway Station,08:04,98
Beijing South Railway Station,08:05,182
Beijing South Railway Station,08:06,147
Beijing South Railway Station,08:07,113
Beijing South Railway Station,08:08,68
Beijing South Railway Station,08:09,98
Beijing South Railway Station,08:10,122
Beijing South Railway Station,08:11,91
Beijing South Railway Station,08:12,104
Beijing South Railway Station,08:13,88
Beijing South Railway Station,08:14,254
Beijing South Railway Station,08:15,128
Beijing South Railway Station,08:16,205
Beijing South Railway Station,08:17,240
Beijing South Railway Station,08:18,133
Beijing South Railway Station,08:19,203
Beijing South Railway Station,08:20,62
Beijing South Railway Station,08:21,104
Beijing South Railway Station,08:22,67
Beijing South Railway Station,08:23,56
Beijing South Railway Station,08:24,224
Beijing South Railway Station,08:25,206
Beijing South Railway Station,08:26,154
Beijing South Railway Station,08:27,62
Beijing South Railway Station,08:28,203
Beijing South Railway Station,08:29,52
Beijing South Railway Station,08:30,143
Beijing South Railway Station,08:31,53
Beijing South Railway Station,08:32,105
Beijing South Railway Station,08:33,56
Beijing South Railway Station,08:34,84
Beijing South Railway Station,08:35,201
Beijing South Railway Station,08:36,54
Beijing South Railway Station,08:37,61
Beijing South Railway Station,08:38,224
Beijing South Railway Station,08:39,94
Beijing South Railway Station,08:40,91
Beijing South Railway Station,08:41,159
Beijing South Railway Station,08:42,73
Beijing South Railway Station,08:43,84
Beijing South Railway Station,08:44,68
Beijing South Railway Station,08:45,206
Beijing South Railway Station,08:46,78
Beijing South Railway Station,08:47,156
Beijing South Railway Station,08:48,237
Beijing South Railway Station,08:49,168
Beijing South Railway Station,08:50,233
Beijing South Railway Station,08:51,141
Beijing South Railway Station,08:52,160
Beijing South Railway Station,08:53,59
Beijing South Railway Station,08:54,128
Beijing South Railway Station,08:55,119
Beijing South Railway Station,08:56,149
Beijing South Railway Station,08:57,210
Beijing South Railway Station,08:58,137
Beijing South Railway Station,08:59,231
Majiapu,07:00,26
Majiapu,07:01,24
Majiapu,07:02,20
Majiapu,07:03,18
Majiapu,07:04,6
Majiapu,07:05,17
Majiapu,07:06,4
Majiapu,07:07,25
Majiapu,07:08,24
Majiapu,07:09,11
Majiapu,07:10,18
Majiapu,07:11,14
Majiapu,07:12,24
Majiapu,07:13,40
Majiapu,07:14,35
Majiapu,07:15,9
Majiapu,07:16,18
Majiapu,07:17,37
Majiapu,07:18,27
Majiapu,07:19,26
Majiapu,07:20,37
Majiapu,07:21,38
Majiapu,07:22,37
Majiapu,07:23,33
Majiapu,07:24,29
Majiapu,07:25,25
Majiapu,07:26,10
Majiapu,07:27,13
Majiapu,07:28,23
Majiapu,07:29,6
Majiapu,07:30,15
Majiapu,07:31,55
Majiapu,07:32,50
Majiapu,07:33,45
Majiapu,07:34,62
Majiapu,07:35,27
Majiapu,07:36,28
Majiapu,07:37,41
Majiapu,07:38,41
Majiapu,07:39,41
Majiapu,07:40,42
Majiapu,07:41,50
Majiapu,07:42,24
Majiapu,07:43,66
Majiapu,07:44,57
Majiapu,07:45,24
Majiapu,07:46,12
Majiapu,07:47,25
Majiapu,07:48,29
Majiapu,07:49,26
Majiapu,07:50,48
Majiapu,07:51,54
Majiapu,07:52,17
Majiapu,07:53,16
Majiapu,07:54,19
Majiapu,07:55,61
Majiapu,07:56,20
Majiapu,07:57,44
Majiapu,07:58,58
Majiapu,07:59,57
Majiapu,08:00,54
Majiapu,08:01,21
Majiapu,08:02,31
Majiapu,08:03,33
Majiapu,08:04,56
Majiapu,08:05,6
Majiapu,08:06,21
Majiapu,08:07,7
Majiapu,08:08,43
Majiapu,08:09,46
Majiapu,08:10,59
Majiapu,08:11,63
Majiapu,08:12,10
Majiapu,08:13,5
Majiapu,08:14,17
Majiapu,08:15,30
Majiapu,08:16,63
Majiapu,08:17,53
Majiapu,08:18,63
Majiapu,08:19,65
Majiapu,08:20,16
Majiapu,08:21,41
Majiapu,08:22,21
Majiapu,08:23,49
Majiapu,08:24,24
Majiapu,08:25,20
Majiapu,08:26,60
Majiapu,08:27,63
Majiapu,08:28,55
Majiapu,08:29,22
Majiapu,08:30,25
Majiapu,08:31,33
Majiapu,08:32,30
Majiapu,08:33,36
Majiapu,08:34,29
Majiapu,08:35,23
Majiapu,08:36,6
Majiapu,08:37,15
Majiapu,08:38,10
Majiapu,08:39,39
Majiapu,08:40,5
Majiapu,08:41,36
Majiapu,08:42,5
Majiapu,08:43,30
Majiapu,08:44,35
Majiapu,08:45,26
Majiapu,08:46,29
Majiapu,08:47,17
Majiapu,08:48,26
Majiapu,08:49,29
Majiapu,08:50,7
Majiapu,08:51,10
Majiapu,08:52,7
Majiapu,08:53,21
Majiapu,08:54,14
Majiapu,08:55,32
Majiapu,08:56,20
Majiapu,08:57,7
Majiapu,08:58,37
Majiapu,08:59,33
Jiaomen Xi,07:00,24
Jiaomen Xi,07:01,17
Jiaomen Xi,07:02,5
Jiaomen Xi,07:03,18
Jiaomen Xi,07:04,15
Jiaomen Xi,07:05,20
Jiaomen Xi,07:06,7
Jiaomen Xi,07:07,17
Jiaomen Xi,07:08,19
Jiaomen Xi,07:09,18
Jiaomen Xi,07:10,11
Jiaomen Xi,07:11,20
Jiaomen Xi,07:12,9
Jiaomen Xi,07:13,14
Jiaomen Xi,07:14,14
Jiaomen Xi,07:15,8
Jiaomen Xi,07:16,29
Jiaomen Xi,07:17,27
Jiaomen Xi,07:18,7
Jiaomen Xi,07:19,28
Jiaomen Xi,07:20,21
Jiaomen Xi,07:21,5
Jiaomen Xi,07:22,23
Jiaomen Xi,07:23,12
Jiaomen Xi,07:24,6
Jiaomen Xi,07:25,10
Jiaomen Xi,07:26,27
Jiaomen Xi,07:27,9
Jiaomen Xi,07:28,13
Jiaomen Xi,07:29,28
Jiaomen Xi,07:30,39
Jiaomen Xi,07:31,11
Jiaomen Xi,07:32,10
Jiaomen Xi,07:33,29
Jiaomen Xi,07:34,24
Jiaomen Xi,07:35,47
Jiaomen Xi,07:36,19
Jiaomen Xi,07:37,17
Jiaomen Xi,07:38,12
Jiaomen Xi,07:39,39
Jiaomen Xi,07:40,36
Jiaomen Xi,07:41,51
Jiaomen Xi,07:42,18
Jiaomen Xi,07:43,15
Jiaomen Xi,07:44,41
Jiaomen Xi,07:45,38
Jiaomen Xi,07:46,21
Jiaomen Xi,07:47,48
Jiaomen Xi,07:48,28
Jiaomen Xi,07:49,48
Jiaomen Xi,07:50,38
Jiaomen Xi,07:51,15
Jiaomen Xi,07:52,10
Jiaomen Xi,07:53,16
Jiaomen Xi,07:54,36
Jiaomen Xi,07:55,8
Jiaomen Xi,07:56,30
Jiaomen Xi,07:57,20
Jiaomen Xi,07:58,26
Jiaomen Xi,07:59,26
Jiaomen Xi,08:00,20
Jiaomen Xi,08:01,12
Jiaomen Xi,08:02,33
Jiaomen Xi,08:03,36
Jiaomen Xi,08:04,15
Jiaomen Xi,08:05,33
Jiaomen Xi,08:06,22
Jiaomen Xi,08:07,12
Jiaomen Xi,08:08,35
Jiaomen Xi,08:09,12
Jiaomen Xi,08:10,31
Jiaomen Xi,08:11,26
Jiaomen Xi,08:12,38
Jiaomen Xi,08:13,29
Jiaomen Xi,08:14,15
Jiaomen Xi,08:15,6
Jiaomen Xi,08:16,11
Jiaomen Xi,08:17,11
Jiaomen Xi,08:18,30
Jiaomen Xi,08:19,33
Jiaomen Xi,08:20,9
Jiaomen Xi,08:21,17
Jiaomen Xi,08:22,13
Jiaomen Xi,08:23,32
Jiaomen Xi,08:24,23
Jiaomen Xi,08:25,38
Jiaomen Xi,08:26,36
Jiaomen Xi,08:27,34
Jiaomen Xi,08:28,17
Jiaomen Xi,08:29,30
Jiaomen Xi,08:30,27
Jiaomen Xi,08:31,13
Jiaomen Xi,08:32,14
Jiaomen Xi,08:33,27
Jiaomen Xi,08:34,10
Jiaomen Xi,08:35,11
Jiaomen Xi,08:36,10
Jiaomen Xi,08:37,16
Jiaomen Xi,08:38,13
Jiaomen Xi,08:39,6
Jiaomen Xi,08:40,16
Jiaomen Xi,08:41,25
Jiaomen Xi,08:42,14
Jiaomen Xi,08:43,13
Jiaomen Xi,08:44,25
Jiaomen Xi,08:45,17
Jiaomen Xi,08:46,29
Jiaomen Xi,08:47,18
Jiaomen Xi,08:48,7
Jiaomen Xi,08:49,15
Jiaomen Xi,08:50,17
Jiaomen Xi,08:51,29
Jiaomen Xi,08:52,5
Jiaomen Xi,08:53,19
Jiaomen Xi,08:54,8
Jiaomen Xi,08:55,18
Jiaomen Xi,08:56,4
Jiaomen Xi,08:57,12
Jiaomen Xi,08:58,7
Jiaomen Xi,08:59,23
Gongyi Xiqiao,07:00,43
Gongyi Xiqiao,07:01,20
Gongyi Xiqiao,07:02,15
Gongyi Xiqiao,07:03,45
Gongyi Xiqiao,07:04,46
Gongyi Xiqiao,07:05,48
Gongyi Xiqiao,07:06,41
Gongyi Xiqiao,07:07,23
Gongyi Xiqiao,07:08,23
Gongyi Xiqiao,07:09,37
Gongyi Xiqiao,07:10,3
Gongyi Xiqiao,07:11,42
Gongyi Xiqiao,07:12,36
Gongyi Xiqiao,07:13,29
Gongyi Xiqiao,07:14,15
Gongyi Xiqiao,07:15,15
Gongyi Xiqiao,07:16,37
Gongyi Xiqiao,07:17,42
Gongyi Xiqiao,07:18,50
Gongyi Xiqiao,07:19,43
Gongyi Xiqiao,07:20,22
Gongyi Xiqiao,07:21,28
Gongyi Xiqiao,07:22,17
Gongyi Xiqiao,07:23,9
Gongyi Xiqiao,07:24,32
Gongyi Xiqiao,07:25,15
Gongyi Xiqiao,07:26,18
Gongyi Xiqiao,07:27,31
Gongyi Xiqiao,07:28,31
Gongyi Xiqiao,07:29,8
Gongyi Xiqiao,07:30,8
Gongyi Xiqiao,07:31,32
Gongyi Xiqiao,07:32,75
Gongyi Xiqiao,07:33,10
Gongyi Xiqiao,07:34,66
Gongyi Xiqiao,07:35,35
Gongyi Xiqiao,07:36,76
Gongyi Xiqiao,07:37,64
Gongyi Xiqiao,07:38,28
Gongyi Xiqiao,07:39,31
Gongyi Xiqiao,07:40,50
Gongyi Xiqiao,07:41,29
Gongyi Xiqiao,07:42,63
Gongyi Xiqiao,07:43,60
Gongyi Xiqiao,07:44,62
Gongyi Xiqiao,07:45,21
Gongyi Xiqiao,07:46,19
Gongyi Xiqiao,07:47,72
Gongyi Xiqiao,07:48,66
Gongyi Xiqiao,07:49,48
Gongyi Xiqiao,07:50,74
Gongyi Xiqiao,07:51,19
Gongyi Xiqiao,07:52,55
Gongyi Xiqiao,07:53,44
Gongyi Xiqiao,07:54,50
Gongyi Xiqiao,07:55,27
Gongyi Xiqiao,07:56,53
Gongyi Xiqiao,07:57,18
Gongyi Xiqiao,07:58,24
Gongyi Xiqiao,07:59,42
Gongyi Xiqiao,08:00,70
Gongyi Xiqiao,08:01,61
Gongyi Xiqiao,08:02,31
Gongyi Xiqiao,08:03,20
Gongyi Xiqiao,08:04,30
Gongyi Xiqiao,08:05,36
Gongyi Xiqiao,08:06,54
Gongyi Xiqiao,08:07,75
Gongyi Xiqiao,08:08,18
Gongyi Xiqiao,08:09,16
Gongyi Xiqiao,08:10,40
Gongyi Xiqiao,08:11,15
Gongyi Xiqiao,08:12,37
Gongyi Xiqiao,08:13,40
Gongyi Xiqiao,08:14,31
Gongyi Xiqiao,08:15,49
Gongyi Xiqiao,08:16,55
Gongyi Xiqiao,08:17,46
Gongyi Xiqiao,08:18,66
Gongyi Xiqiao,08:19,51
Gongyi Xiqiao,08:20,31
Gongyi Xiqiao,08:21,38
Gongyi Xiqiao,08:22,33
Gongyi Xiqiao,08:23,15
Gongyi Xiqiao,08:24,47
Gongyi Xiqiao,08:25,57
Gongyi Xiqiao,08:26,25
Gongyi Xiqiao,08:27,43
Gongyi Xiqiao,08:28,50
Gongyi Xiqiao,08:29,60
Gongyi Xiqiao,08:30,40
Gongyi Xiqiao,08:31,44
Gongyi Xiqiao,08:32,11
Gongyi Xiqiao,08:33,24
Gongyi Xiqiao,08:34,38
Gongyi Xiqiao,08:35,36
Gongyi Xiqiao,08:36,35
Gongyi Xiqiao,08:37,37
Gongyi Xiqiao,08:38,11
Gongyi Xiqiao,08:39,21
Gongyi Xiqiao,08:40,43
Gongyi Xiqiao,08:41,41
Gongyi Xiqiao,08:42,12
Gongyi Xiqiao,08:43,4
Gongyi Xiqiao,08:44,7
Gongyi Xiqiao,08:45,43
Gongyi Xiqiao,08:46,27
Gongyi Xiqiao,08:47,39
Gongyi Xiqiao,08:48,8
Gongyi Xiqiao,08:49,41
Gongyi Xiqiao,08:50,41
Gongyi Xiqiao,08:51,41
Gongyi Xiqiao,08:52,31
Gongyi Xiqiao,08:53,3
Gongyi Xiqiao,08:54,25
Gongyi Xiqiao,08:55,27
Gongyi Xiqiao,08:56,12
Gongyi Xiqiao,08:57,17
Gongyi Xiqiao,08:58,18
Gongyi Xiqiao,08:59,22
